,count,mean,std,min,25%,50%,75%,max
video views,995.0,11039537052.03819,14110844376.829668,0.0,4288145410.0,7760819588.0,13554701853.0,228000000000.0
uploads,995.0,9187.125628140704,34151.352253722594,0.0,194.5,729.0,2667.5,301308.0
created_year,990.0,2012.6303030303031,4.512502675170234,1970.0,2009.0,2013.0,2016.0,2022.0
subscribers,995.0,22982412.06030151,17526105.340935983,12300000.0,14500000.0,17700000.0,24600000.0,245000000.0
